_Antwort-ID;Resume-Code;Start;Datum und Zeit;Teilnahmestatus;1. Hast du in der vergangenen Prüfungsphase mindestens einmal prokrastiniert, anstatt zu lernen?;2. Womit hast du in deiner letzten Prüfungsphase prokrastiniert? (Mehrfachantworten möglich);Sport;Fernsehen/Streamen/Videos/Filme schauen;Smartphone nutzen;Im Bett liegen;Essen (kochen, backen, snacken, Foodie sein);Haushalt (putzen, umräumen, aufräumen, einkaufen, dekorieren);kreatives Hobby (z.B. musizieren, malen, dichten, schreiben, stricken );Shoppen;Ausgehen (Party, mit Freunden treffen, Kino, Dates);Computerspiele, Videospiele, Mobile Games;Social Media (Facebook, Instagram, usw.);Textfeld;3. Welche der von dir obigen ausgewählten Ablenkungsmanöver gehören zu deinen Top 3? (Mehrfachantworten möglich);Sport;Fernsehen/Streamen/Videos/Filme schauen;Smartphone nutzen;Im Bett liegen;Essen (kochen, backen, snacken, Foodie sein);Haushalt (putzen, umräumen, aufräumen, einkaufen, dekorieren);kreatives Hobby (z.B. musizieren, malen, dichten, schreiben, stricken, usw.);Shoppen;Ausgehen (Party, mit Freunden treffen, Kino, Dates);Computerspiele, Videospiele, Mobile Games;Social Media (Facebook, Instagram, usw.);Textfeld;4. Mit welchen Social-Media-Services hast du dich in der letzten Prüfungsphase abgelenkt? (Mehrfachantworten möglich);Instagram;Facebook;Twitter;TikTok;Snapchat;Textfeld;5. Mit welchen Streaming-Diensten hast du dich in der letzten Prüfungsphase abgelenkt? (Mehrfachantworten möglich);Netflix;Amazon Prime;Disney+;DAZN;YouTube;Rakuten Viki;TV Now;Joyn;öffentlich rechtliche Mediatheken;Fernsehen;Textfeld;6. Welche Serie hast du in der vergangenen Prüfungszeit für dich entdeckt?;Keine;Textfeld;7. Wie ist deine letzte Prüfungsphase ausgefallen, d.h. wie zufrieden bist du mit deiner Leistung?;8. Wie viel Zeit hast du in der letzten Prüfungsphase von deiner Lernzeit gefühlt insgesamt prokrastiniert?;9. Unterscheidet sich dein Prokrastinationsverhalten der letzten Prüfungsphase von der vorherigen ?;10. In welchen der folgenden Bereiche lässt sich dein Studienfach einordnen? (Mehrfachantworten möglich);Lehramt;Gesellschafts- und Sozialwissenschaften;Rechts- und Wirtschaftswissenschaften;Geistes- und Kulturwissenschaften, Gechichte;Musik, Kunst und Gestaltung;Medizin und Gesundheitswesen;Agrar-und Forstwissenschaften;Mathematik, Informatik und Naturwissenschaften;Ingenieurwissenschaften;Textfeld;11. Welchen Abschluss strebst du derzeit an?;12. In welchem Hochschulsemester bist du?;13. Wie alt bist du?;14. Falls uns mal die Ideen ausgehen sollten, was wir machen können, anstatt zu lernen: Wie lautet dein Prokrastinationsgeheimtipp?;Hab keinen.;Textfeld
71268037;92154b7;15.06.2020 22:19;15.06.2020 23:02;teilgenommen und beendet;ja;;1;;1;;1;1;1;;1;;1;;;;;;;1;1;;;;;1;;;1;;;;;;;;;;;;;;;;;;;;;sehr zufriedenstellend - ich bin mehr als zufrieden;mittel;nein;;;;;;;;;1;;;Bachelor;&gt, 10;21 - 25;;;Pflanzenpflege
71302032;5a0e3dd;16.06.2020 15:06;16.06.2020 15:09;teilgenommen und beendet;ja;;1;1;1;1;1;1;;;1;1;1;;;1;1;;;;;;;;1;;;;;;;;;;;1;;;;1;;;;;;;;1;;zufriedenstellend - ich bin zufrieden;mittel;nein;;;;;;;;;1;;;Master;&gt, 10;26 - 30;;1;
71303444;1b0868b;16.06.2020 15:26;16.06.2020 15:31;teilgenommen und beendet;ja;;;;1;1;;;;;;;;sex haben;;;;1;1;;;;;;;;sex haben;;;;;;;;;;;;;;;;;;;;;;;sehr unzufriedenstellend - ich bin total unzufrieden;nicht so viel;nein;;;;1;;;;;;;;Master;&gt, 10;26 - 30;;1;
71303921;b65851d;16.06.2020 15:34;16.06.2020 15:39;teilgenommen und beendet;ja;;;1;1;1;;1;1;;;;;sex;;;;1;1;;;;;;;;sex;;;;;;;;;;;;;;;;;;;;;;;zufriedenstellend - ich bin zufrieden;viel;ja;;;;;1;;;;;;;Bachelor;06. Okt;21 - 25;;;Mailfach aufräumen
71350602;68d867b;17.06.2020 12:00;17.06.2020 12:02;teilgenommen und beendet;ja;;1;1;1;1;1;1;;;;;1;;;;1;1;;;1;;;;;;;;;;;;;;;1;;;;1;;;;1;;;;1;;unzufriedenstellend - ich bin unzufrieden;sehr viel;nein;;;;1;;;;;;;;Staatsexamen;06. Okt;21 - 25;;1;
71365618;be0ffc9;17.06.2020 16:21;17.06.2020 16:21;teilgenommen, aber noch nicht beendet;ja;;;;;;;;;;;;;;;;;;;;;;;;;;;;;;;;;;;;;;;;;;;;;;;;;;;;;;;;;;;;;;;;;;;;
71365673;95fd27b;17.06.2020 16:22;17.06.2020 16:24;teilgenommen und beendet;ja;;;;1;1;1;1;;;;1;1;;;1;;;;1;;1;;;;;;;;;;;;;;;;;;;;;;;;;;;;ausreichend - ich bin weder zufrieden noch unzufrieden;sehr viel;weiß nicht;;;;;;;;;1;;;Master;01. Feb;26 - 30;;1;
71366580;2d2833c;17.06.2020 16:39;17.06.2020 16:41;teilgenommen und beendet;ja;;1;1;1;;1;1;;;;;1;;;1;;;;;1;;;;;1;;;1;;;;;;;;;;;;;;;;;;;;;zufriedenstellend - ich bin zufrieden;mittel;ja;;;;1;;;;;;;;Staatsexamen;06. Okt;21 - 25;;1;
71367481;74303d4;17.06.2020 16:57;17.06.2020 17:01;teilgenommen und beendet;ja;;;1;1;1;1;1;1;1;1;1;1;;;;;;;1;;;;1;1;;;;;;;;;;;;;;;;;;;;;;;;;ausreichend - ich bin weder zufrieden noch unzufrieden;sehr viel;nein;;;;;;;;;1;;;Bachelor;&gt, 10;21 - 25;;;Immer anders prokrastinieren, das fühlt sich weniger schlimm an
71367649;d8b268e;17.06.2020 17:01;17.06.2020 17:02;teilgenommen, aber noch nicht beendet;ja;;;;1;;1;;1;;;;;;;;;1;;1;;1;;;;;;;;;;;;;;;;;;;;;;;;;;;;;;;;;;;;;;;;;;;;;;;
71369017;1ad787a;17.06.2020 17:28;17.06.2020 17:32;teilgenommen und beendet;ja;;;;1;;1;1;;;1;1;1;;;;;;;1;1;;;;;1;;;1;;;;;;;;;;;;;;;;;;;;;zufriedenstellend - ich bin zufrieden;mittel;nein;;;;;;;;;1;;;Master;01. Feb;21 - 25;;1;
71369415;ee26a0c;17.06.2020 17:37;17.06.2020 17:41;teilgenommen und beendet;ja;;;1;;;1;1;1;;;;;lesen;;;;;;1;1;1;;;;;;;;;;;;;;;;;;;;;;;;;;;;zufriedenstellend - ich bin zufrieden;nicht so viel;nein;;;;;;;1;;;;;Staatsexamen;06. Okt;21 - 25;;1;
71370951;e1cdb01;17.06.2020 18:10;17.06.2020 18:17;teilgenommen und beendet;ja;;;1;1;;1;1;;;;;1;Nägel lackieren;;;;;;1;1;;;;;1;;;1;;1;1;;Tumblr;;;;;;;;;;;;;;;;zufriedenstellend - ich bin zufrieden;viel;ja;;;;;;;;;1;;;Master;05. Jun;26 - 30;;;Daten struturieren
71371661;5e4fd3b;17.06.2020 18:29;17.06.2020 18:35;teilgenommen und beendet;ja;;;1;1;;;;1;;;1;;;;;1;1;;;;1;;;;;;;;;;;;;;;;;;1;;;;;;;;1;;unzufriedenstellend - ich bin unzufrieden;nicht so viel;nein;;;;;;;;;1;;;Bachelor;&gt, 10;21 - 25;;;Yoga oder allgemein etwas Bewegung, um den Kopf etwas frei zu machen
71371929;b2d89a8;17.06.2020 18:34;17.06.2020 18:41;teilgenommen und beendet;ja;;;1;1;1;1;1;;;;1;1;;;;1;;;1;;;;;1;;;;;;;;;;;1;;;;1;;;;;;Twitch.tv;;;Jojo's Bizarre Adventure;zufriedenstellend - ich bin zufrieden;viel;weiß nicht;;;;;;;1;;;;;Staatsexamen;&gt, 10;21 - 25;;;Masturbation
71381395;a81dda6;17.06.2020 22:17;17.06.2020 22:19;teilgenommen und beendet;ja;;1;1;1;;1;1;;;;1;;;;;1;1;;;;;;;1;;;;;;;;;;;1;;;;;;;;;;;;1;;sehr zufriedenstellend - ich bin mehr als zufrieden;nicht so viel;nein;;;;;;;1;;;;;Staatsexamen;&gt, 10;26 - 30;;;Feste Zeitpläne, Telefonkarenz
71383778;7318dc6;17.06.2020 22:45;17.06.2020 23:34;teilgenommen und beendet;ja;;1;1;1;;1;1;;;;1;;;;;1;1;;;;;;;1;;;;;;;;;;;;;;;1;;;;;1;;;;The Big Bang Theory;ausreichend - ich bin weder zufrieden noch unzufrieden;sehr viel;nein;;;;;;;;;1;;;Bachelor;06. Okt;21 - 25;;1;
71390630;c5f9794;18.06.2020 07:11;18.06.2020 07:13;teilgenommen und beendet;ja;;1;;1;1;1;1;;1;1;;1;;;1;;1;;;;;;;;1;;;1;1;;;;;;;;;;;;;;;;;;;;zufriedenstellend - ich bin zufrieden;sehr viel;weiß nicht;;;;;;1;;;;;;Bachelor;06. Okt;21 - 25;;1;
71456136;6caaed5;19.06.2020 11:06;19.06.2020 11:10;teilgenommen und beendet;ja;;;1;1;1;;;1;1;;1;;trainieren von timo;;;;;;;;1;1;;1;;;;;;;;;;;;;;;;;;;;;;;;;zufriedenstellend - ich bin zufrieden;viel;ja;;1;;;1;;;;1;;;Bachelor;05. Jun;21 - 25;;;Haustiere trainieren
71456517;16f9305;19.06.2020 11:12;19.06.2020 11:20;teilgenommen und beendet;ja;;;1;1;1;1;1;1;;1;;1;;;;1;1;;;;;;1;;;;;;;;;;;;1;;;;1;;;1;;;;;;The good Place;zufriedenstellend - ich bin zufrieden;viel;ja;;;1;1;;;;;;;;Bachelor;03. Apr;21 - 25;;;The IT Crowd auf Netflix
71458305;bc5a486;19.06.2020 11:47;19.06.2020 11:53;teilgenommen und beendet;ja;;;1;;;;1;;;;;;;;1;;;;;;1;;1;;;;;;;;;;;;;;;;;;;;;;;;;;zufriedenstellend - ich bin zufrieden;nicht so viel;ja;;;;;;;;;1;;;Bachelor;06. Okt;21 - 25;;1;
71458740;a124725;19.06.2020 11:53;19.06.2020 11:57;teilgenommen und beendet;ja;;;1;1;1;;1;;;;;1;;;;1;1;;;1;;;;;;;;;;;;;;;1;1;1;;1;;;;;;;;1;;ausreichend - ich bin weder zufrieden noch unzufrieden;viel;nein;;;;;;;1;;;;;Bachelor;03. Apr;26 - 30;;;Sex
71458856;fd2fe5f;19.06.2020 11:56;19.06.2020 12:01;teilgenommen und beendet;ja;;1;1;1;1;;1;;;;1;1;;;;1;1;;;1;;;;;;;;;;;;;;;1;;;;1;;;;;;;;;Prison Break;zufriedenstellend - ich bin zufrieden;sehr viel;nein;;;;1;;;;;;1;;Bachelor;05. Jun;21 - 25;;;Masturbieren
71459075;90b998b;19.06.2020 11:59;19.06.2020 12:04;teilgenommen und beendet;ja;;;1;1;;1;1;1;;1;;1;;;;1;;;1;;;;;;1;;;;;1;;;;;;;;;1;;;;;;;;;;ausreichend - ich bin weder zufrieden noch unzufrieden;mittel;weiß nicht;;;;;;;;;1;;;Bachelor;05. Jun;21 - 25;;;Masturbation
71459157;bc79658;19.06.2020 12:01;19.06.2020 12:04;teilgenommen und beendet;ja;;;1;;;1;;;;;1;;;;;1;;;1;;;;;1;;;;;;;;;;;1;1;;;1;;;;;;;;;viele, sehr viele;unzufriedenstellend - ich bin unzufrieden;sehr viel;nein;;;;;;;;;1;;;Bachelor;&gt, 10;21 - 25;;1;
71459276;29fb0f1;19.06.2020 12:02;19.06.2020 12:09;teilgenommen und beendet;ja;;1;1;1;1;1;;1;;;;1;;;1;1;1;;;;;;;;;;;;;;;;;;1;1;;;1;;;;;;;;1;;ausreichend - ich bin weder zufrieden noch unzufrieden;viel;ja;;;1;;1;;1;;;;;Master;01. Feb;21 - 25;;;Darts Scheibe ins Zimmer hängen
71459314;941a3c5;19.06.2020 12:03;19.06.2020 12:04;teilgenommen, aber noch nicht beendet;ja;;;;;;;;;;;;;;;;;;;;;;;;;;;;;;;;;;;;;;;;;;;;;;;;;;;;;;;;;;;;;;;;;;;;
71459667;5b60272;19.06.2020 12:09;19.06.2020 12:15;teilgenommen und beendet;ja;;;1;1;1;1;1;1;;1;1;1;;;;;1;1;;;;;;;1;;;1;;;1;;Reddit;;;;;;;;;;;;;;;;unzufriedenstellend - ich bin unzufrieden;mittel;nein;;;;;;;;;1;;;Bachelor;03. Apr;16 - 20;;;Erstmal nochmal schlafen wenn man zu müde zum lernen ist.
71459932;7e5caff;19.06.2020 12:14;19.06.2020 12:27;teilgenommen und beendet;ja;;1;1;1;1;1;1;;;;1;1;;;;1;1;;;1;;;;;;;;;;;;;;;1;;;1;1;;;;;;;;1;;zufriedenstellend - ich bin zufrieden;sehr viel;nein;;;;1;;;;;;;;Bachelor;06. Okt;26 - 30;;;Häkeln
71460238;ce61bf3;19.06.2020 12:19;19.06.2020 12:22;teilgenommen und beendet;ja;;;;1;1;1;1;;;;1;1;;;;;1;1;1;;;;;;;;;;;;;;;;;;;;;;;;;;;;;;sehr zufriedenstellend - ich bin mehr als zufrieden;nicht so viel;ja;;;;;;;;;1;;;Bachelor;&gt, 10;26 - 30;;1;
71460443;74b4121;19.06.2020 12:21;19.06.2020 12:26;teilgenommen und beendet;ja;;1;;1;;1;1;;;1;;1;;;1;;;;1;;;;1;;;;;;;;;;;;;;;;;;;;;;;;;;zufriedenstellend - ich bin zufrieden;viel;nein;;1;;;;;;;1;;;Bachelor;03. Apr;16 - 20;;1;
71462739;c4ea7b6;19.06.2020 13:05;19.06.2020 13:10;teilgenommen und beendet;ja;;;1;1;;;1;;;;1;1;;;;1;;;;1;;;;1;;;;;;;;;;;1;;1;;1;;;;;;;;;Baki;zufriedenstellend - ich bin zufrieden;mittel;weiß nicht;;;;;;;;;1;1;;Doktor des Ingenieurswesen;06. Okt;26 - 30;;;Zähneputzen nach jedem Snack nur um nicht lernen zu müssen
71463206;a099bc9;19.06.2020 13:12;19.06.2020 13:16;teilgenommen und beendet;ja;;;1;1;1;1;;;;;1;1;;;;;1;1;1;;;;;;;;;;;;;;;;;;;;;;;;;;;;;;unzufriedenstellend - ich bin unzufrieden;mittel;nein;;;;;;;;;1;;;Bachelor;06. Okt;21 - 25;;;mit Freunden über das Prokrastinieren reden!
71463445;2239c56;19.06.2020 13:18;19.06.2020 13:21;teilgenommen und beendet;ja;;1;;1;1;1;1;1;;1;1;1;mit Arbeit o.Ä. was weniger dringend ist.;;;;1;1;1;;;;;;;;;;;;;;;;;;;;;;;;;;;;;;sehr zufriedenstellend - ich bin mehr als zufrieden;sehr viel;nein;;;;;;;;;1;;;Master;06. Okt;21 - 25;;1;
71464655;b66bc84;19.06.2020 13:23;19.06.2020 13:41;teilgenommen und beendet;ja;;;;;1;1;;1;;;1;;;;;;;;1;;1;;;1;;;;;;;;;;;;;;;;;;;;;;;;;zufriedenstellend - ich bin zufrieden;mittel;ja;;;;;;;;;1;;;Bachelor;03. Apr;21 - 25;;1;
71464867;17fc1bf;19.06.2020 13:42;19.06.2020 13:46;teilgenommen und beendet;ja;;1;1;1;1;;1;;;1;1;;;;;1;1;1;;;;;;;;;;;;;;;;;1;;;;1;;;;;;;;;Brooklyn Nine Nine;sehr zufriedenstellend - ich bin mehr als zufrieden;nicht so viel;nein;;;;;;;;;1;;;Bachelor;06. Okt;21 - 25;;;Kuchen backen
71465143;a3f6c68;19.06.2020 13:46;19.06.2020 13:54;teilgenommen und beendet;ja;;1;1;1;1;1;1;1;;1;1;;;;;1;;;;1;1;;;;;;;;;;;;;;1;;;;1;;;;;;Twitch;;;Final Space, Meine Wiedergeburt als Schleim in einer anderen Welt;ausreichend - ich bin weder zufrieden noch unzufrieden;mittel;nein;;1;;;;;;;1;;;Bachelor;05. Jun;21 - 25;;;Zeichnen
71465594;f40e8fa;19.06.2020 13:56;19.06.2020 14:02;teilgenommen und beendet;ja;;1;1;1;1;1;1;1;;1;1;;Mich viel zu viel um die Lebewesen abgesehen von Menschen im Haushalt kümmern (Tiere, Pflanzen, Pilze...);;;;;;1;;1;;;1;;;;;;;;;;;;;;;;;;;;;;;;;unzufriedenstellend - ich bin unzufrieden;sehr viel;ja;;1;;;;1;;;1;;;Bachelor;&gt, 10;21 - 25;;;Eine neue Sprache lernen
71466107;1c60111;19.06.2020 14:07;19.06.2020 14:12;teilgenommen und beendet;ja;;;1;1;1;;1;;;;;;;;;1;1;1;;;;;;;;;;;;;;;;;;;;;1;;;;;1;;;1;;zufriedenstellend - ich bin zufrieden;nicht so viel;nein;;;;;;;;;1;;;Bachelor;06. Okt;35 - 40;;;Sich die Folgen vorstellen
71467383;16215c1;19.06.2020 14:29;19.06.2020 14:29;teilgenommen, aber noch nicht beendet;ja;;;;;;;;;;;;;;;;;;;;;;;;;;;;;;;;;;;;;;;;;;;;;;;;;;;;;;;;;;;;;;;;;;;;
71467492;5aec975;19.06.2020 14:30;19.06.2020 14:33;teilgenommen und beendet;ja;;1;1;1;;;;;;;;;;;;;1;;;;;;;;;;;;;;;;;;;;;;;;;;;;;;;;zufriedenstellend - ich bin zufrieden;mittel;weiß nicht;;1;;;;;;;;;;Staatsexamen;03. Apr;21 - 25;;1;
71467914;bcf57ab;19.06.2020 14:38;19.06.2020 14:40;teilgenommen und beendet;ja;;1;;1;1;1;1;;;;;1;;;1;;;1;;;;;;;1;;;1;;;;1;;;;;;;;;;;;;;;;;zufriedenstellend - ich bin zufrieden;mittel;nein;;1;;;;;;;;;;Bachelor;01. Feb;16 - 20;;1;
71469633;4aca0c6;19.06.2020 15:06;19.06.2020 15:08;teilgenommen und beendet;ja;;;1;1;1;;;;;;1;1;;;;;1;;;;;;;1;1;;;;;1;;;Reddit;;;;;;;;;;;;;;;;sehr unzufriedenstellend - ich bin total unzufrieden;sehr viel;ja;;;;;;;;;1;;;Bachelor;03. Apr;16 - 20;;1;
71469997;029cebc;19.06.2020 15:14;19.06.2020 15:16;teilgenommen und beendet;ja;;;1;1;;;;;;;1;;;;;1;1;;;;;;;1;;;;;;;;;;;;;;;1;;;;;;;;1;;ausreichend - ich bin weder zufrieden noch unzufrieden;viel;nein;;;;;;;;;1;;;Master;&gt, 10;21 - 25;;1;
71472805;6e96fbc;19.06.2020 16:10;19.06.2020 16:17;teilgenommen und beendet;ja;;;1;1;;1;1;;;;;;;;;1;1;;1;;;;;;;;;;;;;;;;1;;;;;;;;;;;;;Gilmore Girls;zufriedenstellend - ich bin zufrieden;mittel;weiß nicht;;;;;;1;;;;;;Master;Keine Angabe;21 - 25;;1;
71477007;a2c5f7c;19.06.2020 17:38;19.06.2020 17:41;teilgenommen und beendet;ja;;1;1;1;1;1;1;;;1;;;;;1;1;;;;;;;1;;;;;;;;;;;;;;;;1;;;;;;;;1;;ausreichend - ich bin weder zufrieden noch unzufrieden;sehr viel;ja;;;;;;;1;;;;;Bachelor;03. Apr;21 - 25;;;Ans Meer, wegfahren
71480264;a885bf5;19.06.2020 18:43;19.06.2020 18:46;teilgenommen und beendet;ja;;;1;1;1;1;1;1;1;1;;1;;;;;1;1;;;;;;;1;;;1;;;;;;;;;;;;;;;;;;;;;zufriedenstellend - ich bin zufrieden;mittel;nein;;;;;;1;;;;;;Bachelor;06. Okt;21 - 25;;;Einfach ein Nickerchen halten
71480770;502cf3c;19.06.2020 18:50;19.06.2020 18:52;teilgenommen und beendet;ja;;;1;1;1;1;1;;1;;;1;;;;;1;;1;;;;;;1;;;1;1;;;1;;;;;;;;;;;;;;;;;zufriedenstellend - ich bin zufrieden;mittel;nein;;;;;;;1;;;;;Diplom;03. Apr;16 - 20;;1;
71484474;1f62bbc;19.06.2020 20:16;19.06.2020 20:29;teilgenommen und beendet;ja;;;1;1;1;1;;;;1;1;;;;;1;;;;;;;1;1;;;;;;;;;;;1;1;;;1;;;;;;Twitch;;1;;zufriedenstellend - ich bin zufrieden;mittel;ja;;;;;;;;;1;;;Master;&gt, 10;26 - 30;;;In Kommentarspalten rechte Argumente wissenschaftlich auseinander nehmen. Wird sie nicht überzeugen, aber vielleicht einen Mitleser =)
71489666;bac2dd9;19.06.2020 23:03;19.06.2020 23:08;teilgenommen und beendet;ja;;;1;1;;1;1;;;;;1;;;;1;1;1;;;;;;;;;;;;;;;;;1;1;;;1;;;;1;1;;;;Friends;zufriedenstellend - ich bin zufrieden;viel;ja;;;;;1;;;;;;;Master;03. Apr;21 - 25;;;Kühlschrank ausmisten und putzen
71490173;8d96183;19.06.2020 23:26;19.06.2020 23:39;teilgenommen und beendet;ja;;1;1;1;1;1;1;1;1;1;1;1;;;1;1;;;;;;;1;;;;;;;;;;;;1;1;1;;;;;1;;;;;;Sense8;ausreichend - ich bin weder zufrieden noch unzufrieden;mittel;nein;;;;;;;;;1;;;Bachelor;06. Okt;21 - 25;;1;
71490813;49b9dae;19.06.2020 23:56;20.06.2020 00:05;teilgenommen und beendet;ja;;;1;1;1;;;;;;;1;;;;1;1;;;;;;;;1;;;1;;;;1;;;1;;;;1;;;;;;;;1;;sehr zufriedenstellend - ich bin mehr als zufrieden;nicht so viel;nein;;;;;1;;1;;;;;Bachelor;05. Jun;21 - 25;;1;
71491910;869708e;20.06.2020 00:37;20.06.2020 00:43;teilgenommen und beendet;ja;;1;1;;;1;1;1;;1;;1;;;1;;;;1;;1;;;;;;;;;;;;;;;;;;;;;;;;;;;;zufriedenstellend - ich bin zufrieden;nicht so viel;weiß nicht;;;;;1;;;;;;;Master;&gt, 10;26 - 30;;;"Yoga &amp; Batiken"
71499727;1c40243;20.06.2020 11:27;20.06.2020 11:30;teilgenommen und beendet;ja;;;1;1;;;;1;;;1;1;;;;1;;;;;1;;;1;;;;;;;;;;;;;;;1;;;;;;;;1;;ausreichend - ich bin weder zufrieden noch unzufrieden;viel;nein;;;;;;;;;1;;;Master;&gt, 10;26 - 30;;1;
71502090;5fe827f;20.06.2020 13:04;20.06.2020 13:09;teilgenommen und beendet;ja;;;;;;;;;;;;;geringrelevantes Zeug lesen;;;1;;;;;;;;;;geringrelevantes Zeug lesen;;;;;;;;;;;;;1;;;;;;;;1;;zufriedenstellend - ich bin zufrieden;nicht so viel;nein;;;;;;;;;1;;;Keine Angabe;Keine Angabe;&gt, 40;;;genug Emailbenachrichtigungen abonnieren
71508240;772d111;20.06.2020 17:18;20.06.2020 17:22;teilgenommen und beendet;ja;;1;1;1;1;1;1;1;;;;;;;1;1;;;;;1;;;;;;;;;;;;;;;;;;1;;;;1;;;;;;ausreichend - ich bin weder zufrieden noch unzufrieden;mittel;ja;;;;;;;1;;1;1;;Bachelor;03. Apr;16 - 20;;1;
71509616;0bc4bd0;20.06.2020 18:17;20.06.2020 18:20;teilgenommen und beendet;ja;;1;1;1;1;1;;;;1;;1;;;;;1;;1;;;;;;1;;;1;;;;1;;;;;;;;;;;;;;;;;ausreichend - ich bin weder zufrieden noch unzufrieden;mittel;nein;;;;1;;;;;;;;Bachelor;03. Apr;16 - 20;;;neue Rezepte ausprobieren
71520012;d873f2a;21.06.2020 08:49;21.06.2020 08:53;teilgenommen und beendet;ja;;;;1;1;1;1;;;1;;1;;;;;;;1;1;;;1;;;;;;;;;;;;;;;;;;;;;;;;;;zufriedenstellend - ich bin zufrieden;nicht so viel;nein;;;1;;;;;;;;;Master;01. Feb;21 - 25;;;Lesen
71521973;0934d05;21.06.2020 11:29;21.06.2020 11:33;teilgenommen und beendet;ja;;;1;1;;1;1;1;;;1;1;;;;;1;;1;;1;;;;;;;;;;;;;;;;;;;;;;;;;;;;zufriedenstellend - ich bin zufrieden;mittel;ja;;;;;;;;;1;;;Bachelor;05. Jun;21 - 25;;;Kuchen backen
71522488;5754bc9;21.06.2020 11:58;21.06.2020 12:02;teilgenommen und beendet;ja;;;1;1;1;;;;;;1;1;;;;1;;;;;;;;1;;;;;;;;;;;1;1;1;;1;;;;1;;;;;Paradise PD;zufriedenstellend - ich bin zufrieden;mittel;nein;;;;;;;;;1;;;Bachelor;01. Feb;16 - 20;;1;
71535407;d83ef0d;21.06.2020 21:26;21.06.2020 21:28;teilgenommen und beendet;ja;;;;1;1;1;1;;1;1;;1;;;;;1;;1;;;;;;1;;;1;1;;;;Email;;;;;;;;;;;;;;;;unzufriedenstellend - ich bin unzufrieden;viel;ja;;;;;;;1;;;;;Staatsexamen;&gt, 10;26 - 30;;1;
71544877;953dab3;22.06.2020 09:36;22.06.2020 09:39;teilgenommen und beendet;ja;;1;1;1;1;;1;1;;1;;1;;;;1;1;;;;1;;;;;;;;;;;;;;1;;;;1;;;;;;;;;Modern Family;ausreichend - ich bin weder zufrieden noch unzufrieden;viel;nein;;;;;1;;;;;;;Bachelor;03. Apr;16 - 20;;;Badezimmerteppich häkeln
71546646;4b408a1;22.06.2020 10:23;22.06.2020 10:25;teilgenommen und beendet;ja;;;1;1;1;1;1;;1;;;;;;;1;1;1;;;;;;;;;;;;;;;;;1;;;;1;;;;;;;;1;;ausreichend - ich bin weder zufrieden noch unzufrieden;sehr viel;nein;;;;;;1;;;;;;Bachelor;05. Jun;16 - 20;;;Spazieren gehen
71547090;8a256ec;22.06.2020 10:34;22.06.2020 10:36;teilgenommen und beendet;ja;;;1;1;1;;1;;;;1;1;;;;1;;1;;;;;;1;;;;;;;;;;;1;1;;;1;;;;;;;;1;;zufriedenstellend - ich bin zufrieden;nicht so viel;ja;;;;;;;;;1;;;Bachelor;01. Feb;21 - 25;;;Daniel Jung
71554416;cac4c9f;22.06.2020 13:04;22.06.2020 13:17;teilgenommen und beendet;ja;;1;1;1;;1;1;1;;1;;1;;;;1;;;;1;;;;;1;;;;1;;;;;;;;;;1;;;;;;;;1;;zufriedenstellend - ich bin zufrieden;mittel;nein;;1;;;;;;;;;;Master;&gt, 10;21 - 25;;1;
71556387;a95b0b3;22.06.2020 13:45;22.06.2020 13:48;teilgenommen und beendet;ja;;;1;1;;1;1;;;;;1;;;;;1;;;1;;;;;1;;;1;1;;;;;;;;;;;;;;;;;;;;ausreichend - ich bin weder zufrieden noch unzufrieden;viel;nein;;;;;;1;;;;;;Bachelor;06. Okt;21 - 25;;1;
71561140;5e4f8ec;22.06.2020 15:17;22.06.2020 15:22;teilgenommen und beendet;ja;;;1;1;1;1;1;;;;;;;;;1;1;;;1;;;;;;;;;;;;;;;1;1;;;1;;;;;;;;;Greys Anatomy;ausreichend - ich bin weder zufrieden noch unzufrieden;sehr viel;ja;;1;;;;;;;;;;Bachelor;01. Feb;16 - 20;;;Schränke jeder Art neu sortieren und mal Staubwischen
71562202;2a7b27a;22.06.2020 15:40;22.06.2020 15:44;teilgenommen und beendet;ja;;;;;;;;1;;1;1;;;;;;;;;;1;;1;1;;;;;;;;;;;;;;;;;;;;;;;;;zufriedenstellend - ich bin zufrieden;viel;nein;;;;;;;;;1;;;Bachelor;06. Okt;21 - 25;;;an einem foss Projekt beteiligen
71563482;94920f7;22.06.2020 16:06;22.06.2020 16:14;teilgenommen und beendet;ja;;1;1;1;1;1;1;1;;;;;Lesen;;;1;1;;;;;;;;;Lesen;;;;;;;;;1;1;;;1;;;;;1;;;1;;zufriedenstellend - ich bin zufrieden;viel;weiß nicht;;;;;;;;;1;;;Master;&gt, 10;26 - 30;;;Recherchen zu persönlichen Zwecken betreiben (z.B. Zu einem Thema was dein Hobby betrifft)
71563781;a897dfd;22.06.2020 16:12;22.06.2020 16:15;teilgenommen und beendet;ja;;1;;;;;;;;;1;;;;1;;;;;;;;;1;;;;;;;;;;;;;;;;;;;;;;;;;ausreichend - ich bin weder zufrieden noch unzufrieden;nicht so viel;weiß nicht;;;;;;;;;1;;;Master;05. Jun;21 - 25;;1;
71564022;f8cd836;22.06.2020 16:17;22.06.2020 16:23;teilgenommen und beendet;ja;;;1;1;;1;1;;;;;;;;;1;;;;1;;;;;;;;;;;;;;;1;1;;;;;;;1;;;;1;;ausreichend - ich bin weder zufrieden noch unzufrieden;mittel;ja;;;;;;;1;;;;;Bachelor;03. Apr;&gt, 40;;;Sich einen Hund zulegen oder leihen
71565680;7a0a6ec;22.06.2020 16:51;22.06.2020 16:53;teilgenommen und beendet;ja;;1;;1;1;;1;1;;;;;;;1;;1;;;;1;;;;;;;;;;;;;;;;;;;;;;;;;;;;sehr zufriedenstellend - ich bin mehr als zufrieden;sehr viel;nein;;;;;;;;;1;;;Master;05. Jun;21 - 25;;1;
71570869;7f0ff11;22.06.2020 18:38;22.06.2020 18:44;teilgenommen und beendet;ja;;;1;1;;1;;;;1;1;1;;;;1;;;;;;;1;1;;;;;;;;;;;1;;;;1;;;;;;;;1;;zufriedenstellend - ich bin zufrieden;mittel;weiß nicht;;;;;;;;;1;;;Bachelor;Keine Angabe;26 - 30;;;Arbeiten
71571246;bf1d4b1;22.06.2020 18:48;22.06.2020 18:50;teilgenommen und beendet;ja;;;1;1;1;1;;;;1;;;;;;1;;1;;;;;1;;;;;;;;;;;;1;;;;;;;;;;;;1;;ausreichend - ich bin weder zufrieden noch unzufrieden;viel;nein;;;;;;;;;1;;;Bachelor;06. Okt;21 - 25;;1;
71575770;538c48c;22.06.2020 20:31;22.06.2020 20:36;teilgenommen und beendet;ja;;;1;1;1;1;1;;;1;;1;;;;1;1;;;;;;;;1;;;1;1;;;;;;1;;;;;;;;;;;;;Stranger Things;zufriedenstellend - ich bin zufrieden;mittel;weiß nicht;;;;;;;1;;;;;Staatsexamen;05. Jun;21 - 25;;;feststellen, dass man Kohldampf hat und aufwändig kochen
71598586;baee39a;23.06.2020 11:10;23.06.2020 11:13;teilgenommen und beendet;ja;;;1;1;1;1;1;1;;;1;1;;;;;1;1;;;;;;;1;;;1;;1;;;;;;;;;;;;;;;;;;;sehr zufriedenstellend - ich bin mehr als zufrieden;mittel;weiß nicht;;;1;;1;;;;;;;Bachelor;03. Apr;16 - 20;;1;
71599051;3e6ad48;23.06.2020 11:18;23.06.2020 11:22;teilgenommen und beendet;ja;;1;1;1;;;1;;;;;1;;;1;1;;;;1;;;;;;;;;;;;;;;1;1;;;1;;;;;;;;1;;zufriedenstellend - ich bin zufrieden;nicht so viel;nein;;;1;;;;;;;;;Master;01. Feb;21 - 25;;;Lesen
71599640;cdb4a90;23.06.2020 11:30;23.06.2020 11:31;teilgenommen, aber noch nicht beendet;ja;;;;;;;;;;;;;;;;;;;;;;;;;;;;;;;;;;;;;;;;;;;;;;;;;;;;;;;;;;;;;;;;;;;;
71599843;aa4b3d0;23.06.2020 11:34;23.06.2020 11:41;teilgenommen und beendet;ja;;;1;1;;1;1;;1;;1;1;;;;1;;;;1;;1;;;;;;;;;;;;;1;1;;;;1;;;;;;;;Agatha Raisin;unzufriedenstellend - ich bin unzufrieden;nicht so viel;nein;;;;;;;;;1;;;Master;&gt, 10;21 - 25;;;Zitronentarte baken
71605008;0c10278;23.06.2020 13:08;23.06.2020 13:13;teilgenommen und beendet;ja;;;;1;;1;1;;;;;;;;;;1;;1;1;;;;;;;;;;;;;;;;;;;;;;;;;;;;;sehr zufriedenstellend - ich bin mehr als zufrieden;mittel;nein;;;;1;;;;;;;;Master;Keine Angabe;35 - 40;;1;
71607122;8acfcf7;23.06.2020 13:48;23.06.2020 13:52;teilgenommen und beendet;ja;;;1;;1;;;;;;1;;;;;1;;1;;;;;;;;;;;;;;;;;;;;;;;;;;;"Raubkopien &amp; Warez";;;Regular Show;zufriedenstellend - ich bin zufrieden;sehr viel;weiß nicht;;;;;;;;;1;;;Master;05. Jun;Keine Angabe;;;"wargames &amp; ctf?"
71614470;c1d0745;23.06.2020 16:16;23.06.2020 16:18;teilgenommen und beendet;ja;;;1;1;1;1;1;;;1;;1;;;;1;1;1;;;;;;;;;;;;;;;;;1;1;;;1;;;;1;;;;1;;ausreichend - ich bin weder zufrieden noch unzufrieden;sehr viel;ja;;;1;;;;;;;;;Bachelor;03. Apr;21 - 25;;1;
71627435;014f8a4;23.06.2020 21:58;23.06.2020 21:58;teilgenommen, aber noch nicht beendet;ja;;;;;;;;;;;;;;;;;;;;;;;;;;;;;;;;;;;;;;;;;;;;;;;;;;;;;;;;;;;;;;;;;;;;
71628819;1151d2e;23.06.2020 22:30;23.06.2020 22:32;teilgenommen und beendet;ja;;1;;1;1;1;;1;;;;1;;;1;;1;;;;1;;;;;;;;;;;;;;;;;;;;;;;;;;;;sehr zufriedenstellend - ich bin mehr als zufrieden;mittel;weiß nicht;;;;;1;;;;;;;Master;01. Feb;21 - 25;;;Prokrastinationszeiten festsetzen
71630821;311a237;23.06.2020 23:23;23.06.2020 23:28;teilgenommen, aber noch nicht beendet;ja;;1;1;1;;1;1;;;;1;1;Selbstbefriedigung;;;1;1;;;;;;;1;;;;;;;;;;;;;;;;;;;;;;;;;;;;;;;;;;;;;;;;;;;;
71659429;8bdffdf;24.06.2020 16:30;24.06.2020 16:32;teilgenommen und beendet;ja;;;1;1;1;1;1;;;;;1;;;;1;;;1;;;;;;1;;;1;;;;;;;1;1;;;;;;;;;;;1;;sehr zufriedenstellend - ich bin mehr als zufrieden;sehr viel;nein;;1;;;;;;;;;;Master;01. Feb;16 - 20;;1;
